Net no. ,x,y,Type
1,51.166995,-2.8519070,pipe
2,51.167097,-2.8518775,ballerina
3,51.172729,-2.8581075,ballerina
4,51.172781,-2.8581673,ballerina
